node_id,raw_pred,prior_prob
J1,0.055928,0.010724
J5,0.306847,0.058838
J2,0.038996,0.007478
J11,0.628525,0.120521
J3,0.045209,0.008669
J4,0.2029,0.038906
J6,0.492961,0.094526
J7,0.083323,0.015977
J8,0.555747,0.106566
J9,0.70857,0.13587
J10,0.74767,0.143367
SU1,0.836821,0.160462
J_out,0.511571,0.098095
O2,0.543382,0.0
