node_id,raw_pred,prior_prob
J1,0.100108,0.022626
J5,0.203405,0.045974
J2,0.101939,0.02304
J11,0.611921,0.138307
J3,0.101705,0.022988
J4,0.092648,0.02094
J6,0.540607,0.122189
J7,0.103358,0.023361
J8,0.519898,0.117508
J9,0.742768,0.167882
J10,0.571269,0.129119
SU1,0.175066,0.039569
J_out,0.559664,0.126496
O2,0.565396,0.0
