node_id,raw_pred,prior_prob
J1,0.102651,0.022716
J5,0.21334,0.04721
J2,0.10311,0.022817
J11,0.619728,0.137141
J3,0.103263,0.022851
J4,0.1143,0.025294
J6,0.497696,0.110136
J7,0.102882,0.022767
J8,0.474756,0.10506
J9,0.60639,0.134189
J10,0.590305,0.13063
SU1,0.43171,0.095534
J_out,0.558792,0.123656
O2,0.542822,0.0
